ID;				i;	Function;	Probabil;	N
Greedy;	0;	0;  		50%;  		32677
Greedy;	1;	1;  		16%;  		10861
Greedy;	2;	2;  		8%;  		5423
Greedy;	3;	3;  		5%;  		3294
Greedy;	4;	4;  		3%;  		2226
Greedy;	5;	5;  		2%;  		1613
Greedy;	6;	6;  		1%;  		1170
Greedy;	7;	7;  		1%;  		952
Greedy;	8;	8;  		1%;  		664
Greedy;	9;	9;  		0%;  		571
Greedy;	10;	10;  		0%;  		486
Greedy;	11;	11;  		0%;  		414
Greedy;	12;	12;  		0%;  		335
Greedy;	13;	13;  		0%;  		306
Greedy;	14;	14;  		0%;  		279
Greedy;	15;	15;  		0%;  		240
Greedy;	16;	16;  		0%;  		204
Greedy;	17;	17;  		0%;  		204
Greedy;	18;	18;  		0%;  		146
Greedy;	19;	19;  		0%;  		152
Greedy;	20;	20;  		0%;  		136
Greedy;	21;	21;  		0%;  		119
Greedy;	22;	22;  		0%;  		103
Greedy;	23;	23;  		0%;  		94
Greedy;	24;	24;  		0%;  		94
Greedy;	25;	25;  		0%;  		82
Greedy;	26;	26;  		0%;  		73
Greedy;	27;	27;  		0%;  		70
Greedy;	28;	28;  		0%;  		74
Greedy;	29;	29;  		0%;  		60
Greedy;	30;	30;  		0%;  		66
Greedy;	31;	31;  		0%;  		61
Greedy;	32;	32;  		0%;  		46
Greedy;	33;	33;  		0%;  		44
Greedy;	34;	34;  		0%;  		35
Greedy;	35;	35;  		0%;  		33
Greedy;	36;	36;  		0%;  		33
Greedy;	37;	37;  		0%;  		31
Greedy;	38;	38;  		0%;  		31
Greedy;	39;	39;  		0%;  		32
Greedy;	40;	40;  		0%;  		37
Greedy;	41;	41;  		0%;  		33
Greedy;	42;	42;  		0%;  		33
Greedy;	43;	43;  		0%;  		17
Greedy;	44;	44;  		0%;  		26
Greedy;	45;	45;  		0%;  		19
Greedy;	46;	46;  		0%;  		16
Greedy;	47;	47;  		0%;  		21
Greedy;	48;	48;  		0%;  		20
Greedy;	49;	49;  		0%;  		26
Greedy;	50;	50;  		0%;  		18
Greedy;	51;	51;  		0%;  		14
Greedy;	52;	52;  		0%;  		9
Greedy;	53;	53;  		0%;  		20
Greedy;	54;	54;  		0%;  		14
Greedy;	55;	55;  		0%;  		18
Greedy;	56;	56;  		0%;  		8
Greedy;	57;	57;  		0%;  		10
Greedy;	58;	58;  		0%;  		12
Greedy;	59;	59;  		0%;  		11
Greedy;	60;	60;  		0%;  		16
Greedy;	61;	61;  		0%;  		11
Greedy;	62;	62;  		0%;  		16
Greedy;	63;	63;  		0%;  		11
Greedy;	64;	64;  		0%;  		8
Greedy;	65;	65;  		0%;  		11
Greedy;	66;	66;  		0%;  		13
Greedy;	67;	67;  		0%;  		6
Greedy;	68;	68;  		0%;  		6
Greedy;	69;	69;  		0%;  		10
Greedy;	70;	70;  		0%;  		7
Greedy;	71;	71;  		0%;  		6
Greedy;	72;	72;  		0%;  		7
Greedy;	73;	73;  		0%;  		10
Greedy;	74;	74;  		0%;  		4
Greedy;	75;	75;  		0%;  		6
Greedy;	76;	76;  		0%;  		6
Greedy;	77;	77;  		0%;  		7
Greedy;	78;	78;  		0%;  		4
Greedy;	79;	79;  		0%;  		5
Greedy;	80;	80;  		0%;  		5
Greedy;	81;	81;  		0%;  		6
Greedy;	82;	82;  		0%;  		5
Greedy;	83;	83;  		0%;  		4
Greedy;	84;	84;  		0%;  		1
Greedy;	85;	85;  		0%;  		7
Greedy;	86;	86;  		0%;  		2
Greedy;	87;	87;  		0%;  		1
Greedy;	88;	88;  		0%;  		3
Greedy;	89;	90;  		0%;  		3
Greedy;	90;	91;  		0%;  		5
Greedy;	91;	92;  		0%;  		4
Greedy;	92;	93;  		0%;  		2
Greedy;	93;	94;  		0%;  		5
Greedy;	94;	95;  		0%;  		1
Greedy;	95;	96;  		0%;  		2
Greedy;	96;	97;  		0%;  		1
Greedy;	97;	98;  		0%;  		2
Greedy;	98;	99;  		0%;  		5
Greedy;	99;	100;  		0%;  		2
Greedy;	100;	101;  		0%;  		3
Greedy;	101;	102;  		0%;  		4
Greedy;	102;	103;  		0%;  		1
Greedy;	103;	105;  		0%;  		3
Greedy;	104;	107;  		0%;  		1
Greedy;	105;	108;  		0%;  		3
Greedy;	106;	109;  		0%;  		2
Greedy;	107;	111;  		0%;  		1
Greedy;	108;	112;  		0%;  		1
Greedy;	109;	113;  		0%;  		2
Greedy;	110;	115;  		0%;  		2
Greedy;	111;	116;  		0%;  		1
Greedy;	112;	117;  		0%;  		1
Greedy;	113;	120;  		0%;  		3
Greedy;	114;	121;  		0%;  		2
Greedy;	115;	122;  		0%;  		1
Greedy;	116;	124;  		0%;  		2
Greedy;	117;	126;  		0%;  		1
Greedy;	118;	129;  		0%;  		3
Greedy;	119;	131;  		0%;  		1
Greedy;	120;	135;  		0%;  		3
Greedy;	121;	139;  		0%;  		1
Greedy;	122;	140;  		0%;  		1
Greedy;	123;	141;  		0%;  		1
Greedy;	124;	142;  		0%;  		1
Greedy;	125;	148;  		0%;  		2
Greedy;	126;	149;  		0%;  		1
Greedy;	127;	150;  		0%;  		1
Greedy;	128;	151;  		0%;  		1
Greedy;	129;	152;  		0%;  		1
Greedy;	130;	154;  		0%;  		1
Greedy;	131;	156;  		0%;  		3
Greedy;	132;	157;  		0%;  		1
Greedy;	133;	158;  		0%;  		1
Greedy;	134;	165;  		0%;  		1
Greedy;	135;	166;  		0%;  		1
Greedy;	136;	168;  		0%;  		1
Greedy;	137;	170;  		0%;  		1
Greedy;	138;	171;  		0%;  		1
Greedy;	139;	179;  		0%;  		2
Greedy;	140;	184;  		0%;  		1
Greedy;	141;	187;  		0%;  		1
Greedy;	142;	195;  		0%;  		1
Greedy;	143;	196;  		0%;  		2
Greedy;	144;	202;  		0%;  		1
Greedy;	145;	205;  		0%;  		1
Greedy;	146;	212;  		0%;  		1
Greedy;	147;	229;  		0%;  		1
Greedy;	148;	233;  		0%;  		1

Matching (1);	0;	0;  		0%;  		142
Matching (1);	1;	1;  		0%;  		141
Matching (1);	2;	2;  		0%;  		121
Matching (1);	3;	3;  		0%;  		122
Matching (1);	4;	4;  		0%;  		131
Matching (1);	5;	5;  		0%;  		108
Matching (1);	6;	6;  		0%;  		132
Matching (1);	7;	7;  		0%;  		128
Matching (1);	8;	8;  		0%;  		131
Matching (1);	9;	9;  		0%;  		134
Matching (1);	10;	10;  		0%;  		129
Matching (1);	11;	11;  		0%;  		148
Matching (1);	12;	12;  		0%;  		120
Matching (1);	13;	13;  		0%;  		126
Matching (1);	14;	14;  		0%;  		141
Matching (1);	15;	15;  		0%;  		117
Matching (1);	16;	16;  		0%;  		142
Matching (1);	17;	17;  		0%;  		150
Matching (1);	18;	18;  		0%;  		122
Matching (1);	19;	19;  		0%;  		133
Matching (1);	20;	20;  		0%;  		124
Matching (1);	21;	21;  		0%;  		143
Matching (1);	22;	22;  		0%;  		146
Matching (1);	23;	23;  		0%;  		119
Matching (1);	24;	24;  		0%;  		147
Matching (1);	25;	25;  		0%;  		146
Matching (1);	26;	26;  		0%;  		120
Matching (1);	27;	27;  		0%;  		130
Matching (1);	28;	28;  		0%;  		123
Matching (1);	29;	29;  		0%;  		127
Matching (1);	30;	30;  		0%;  		131
Matching (1);	31;	31;  		0%;  		129
Matching (1);	32;	32;  		0%;  		141
Matching (1);	33;	33;  		0%;  		129
Matching (1);	34;	34;  		0%;  		104
Matching (1);	35;	35;  		0%;  		140
Matching (1);	36;	36;  		0%;  		130
Matching (1);	37;	37;  		0%;  		123
Matching (1);	38;	38;  		0%;  		129
Matching (1);	39;	39;  		0%;  		129
Matching (1);	40;	40;  		0%;  		135
Matching (1);	41;	41;  		0%;  		127
Matching (1);	42;	42;  		0%;  		130
Matching (1);	43;	43;  		0%;  		132
Matching (1);	44;	44;  		0%;  		144
Matching (1);	45;	45;  		0%;  		108
Matching (1);	46;	46;  		0%;  		124
Matching (1);	47;	47;  		0%;  		131
Matching (1);	48;	48;  		0%;  		118
Matching (1);	49;	49;  		0%;  		123
Matching (1);	50;	50;  		0%;  		133
Matching (1);	51;	51;  		0%;  		115
Matching (1);	52;	52;  		0%;  		132
Matching (1);	53;	53;  		0%;  		118
Matching (1);	54;	54;  		0%;  		121
Matching (1);	55;	55;  		0%;  		133
Matching (1);	56;	56;  		0%;  		148
Matching (1);	57;	57;  		0%;  		122
Matching (1);	58;	58;  		0%;  		129
Matching (1);	59;	59;  		0%;  		118
Matching (1);	60;	60;  		0%;  		126
Matching (1);	61;	61;  		0%;  		153
Matching (1);	62;	62;  		0%;  		137
Matching (1);	63;	63;  		0%;  		119
Matching (1);	64;	64;  		0%;  		105
Matching (1);	65;	65;  		0%;  		127
Matching (1);	66;	66;  		0%;  		131
Matching (1);	67;	67;  		0%;  		122
Matching (1);	68;	68;  		0%;  		104
Matching (1);	69;	69;  		0%;  		120
Matching (1);	70;	70;  		0%;  		137
Matching (1);	71;	71;  		0%;  		112
Matching (1);	72;	72;  		0%;  		125
Matching (1);	73;	73;  		0%;  		118
Matching (1);	74;	74;  		0%;  		127
Matching (1);	75;	75;  		0%;  		125
Matching (1);	76;	76;  		0%;  		116
Matching (1);	77;	77;  		0%;  		127
Matching (1);	78;	78;  		0%;  		136
Matching (1);	79;	79;  		0%;  		140
Matching (1);	80;	80;  		0%;  		143
Matching (1);	81;	81;  		0%;  		119
Matching (1);	82;	82;  		0%;  		132
Matching (1);	83;	83;  		0%;  		124
Matching (1);	84;	84;  		0%;  		121
Matching (1);	85;	85;  		0%;  		119
Matching (1);	86;	86;  		0%;  		124
Matching (1);	87;	87;  		0%;  		135
Matching (1);	88;	88;  		0%;  		133
Matching (1);	89;	89;  		0%;  		131
Matching (1);	90;	90;  		0%;  		117
Matching (1);	91;	91;  		0%;  		133
Matching (1);	92;	92;  		0%;  		123
Matching (1);	93;	93;  		0%;  		129
Matching (1);	94;	94;  		0%;  		114
Matching (1);	95;	95;  		0%;  		105
Matching (1);	96;	96;  		0%;  		132
Matching (1);	97;	97;  		0%;  		116
Matching (1);	98;	98;  		0%;  		131
Matching (1);	99;	99;  		0%;  		116
Matching (1);	100;	100;  		0%;  		109
Matching (1);	101;	101;  		0%;  		138
Matching (1);	102;	102;  		0%;  		142
Matching (1);	103;	103;  		0%;  		117
Matching (1);	104;	104;  		0%;  		124
Matching (1);	105;	105;  		0%;  		134
Matching (1);	106;	106;  		0%;  		124
Matching (1);	107;	107;  		0%;  		134
Matching (1);	108;	108;  		0%;  		123
Matching (1);	109;	109;  		0%;  		144
Matching (1);	110;	110;  		0%;  		114
Matching (1);	111;	111;  		0%;  		146
Matching (1);	112;	112;  		0%;  		107
Matching (1);	113;	113;  		0%;  		128
Matching (1);	114;	114;  		0%;  		118
Matching (1);	115;	115;  		0%;  		111
Matching (1);	116;	116;  		0%;  		139
Matching (1);	117;	117;  		0%;  		137
Matching (1);	118;	118;  		0%;  		126
Matching (1);	119;	119;  		0%;  		142
Matching (1);	120;	120;  		0%;  		129
Matching (1);	121;	121;  		0%;  		118
Matching (1);	122;	122;  		0%;  		130
Matching (1);	123;	123;  		0%;  		107
Matching (1);	124;	124;  		0%;  		136
Matching (1);	125;	125;  		0%;  		135
Matching (1);	126;	126;  		0%;  		148
Matching (1);	127;	127;  		0%;  		131
Matching (1);	128;	128;  		0%;  		125
Matching (1);	129;	129;  		0%;  		136
Matching (1);	130;	130;  		0%;  		126
Matching (1);	131;	131;  		0%;  		118
Matching (1);	132;	132;  		0%;  		129
Matching (1);	133;	133;  		0%;  		114
Matching (1);	134;	134;  		0%;  		121
Matching (1);	135;	135;  		0%;  		126
Matching (1);	136;	136;  		0%;  		132
Matching (1);	137;	137;  		0%;  		132
Matching (1);	138;	138;  		0%;  		143
Matching (1);	139;	139;  		0%;  		143
Matching (1);	140;	140;  		0%;  		124
Matching (1);	141;	141;  		0%;  		137
Matching (1);	142;	142;  		0%;  		137
Matching (1);	143;	143;  		0%;  		124
Matching (1);	144;	144;  		0%;  		130
Matching (1);	145;	145;  		0%;  		125
Matching (1);	146;	146;  		0%;  		122
Matching (1);	147;	147;  		0%;  		147
Matching (1);	148;	148;  		0%;  		140
Matching (1);	149;	149;  		0%;  		122
Matching (1);	150;	150;  		0%;  		105
Matching (1);	151;	151;  		0%;  		119
Matching (1);	152;	152;  		0%;  		135
Matching (1);	153;	153;  		0%;  		130
Matching (1);	154;	154;  		0%;  		136
Matching (1);	155;	155;  		0%;  		141
Matching (1);	156;	156;  		0%;  		109
Matching (1);	157;	157;  		0%;  		133
Matching (1);	158;	158;  		0%;  		119
Matching (1);	159;	159;  		0%;  		131
Matching (1);	160;	160;  		0%;  		116
Matching (1);	161;	161;  		0%;  		127
Matching (1);	162;	162;  		0%;  		127
Matching (1);	163;	163;  		0%;  		126
Matching (1);	164;	164;  		0%;  		138
Matching (1);	165;	165;  		0%;  		115
Matching (1);	166;	166;  		0%;  		112
Matching (1);	167;	167;  		0%;  		131
Matching (1);	168;	168;  		0%;  		137
Matching (1);	169;	169;  		0%;  		131
Matching (1);	170;	170;  		0%;  		126
Matching (1);	171;	171;  		0%;  		141
Matching (1);	172;	172;  		0%;  		152
Matching (1);	173;	173;  		0%;  		140
Matching (1);	174;	174;  		0%;  		116
Matching (1);	175;	175;  		0%;  		129
Matching (1);	176;	176;  		0%;  		122
Matching (1);	177;	177;  		0%;  		129
Matching (1);	178;	178;  		0%;  		125
Matching (1);	179;	179;  		0%;  		133
Matching (1);	180;	180;  		0%;  		136
Matching (1);	181;	181;  		0%;  		126
Matching (1);	182;	182;  		0%;  		125
Matching (1);	183;	183;  		0%;  		118
Matching (1);	184;	184;  		0%;  		148
Matching (1);	185;	185;  		0%;  		122
Matching (1);	186;	186;  		0%;  		119
Matching (1);	187;	187;  		0%;  		127
Matching (1);	188;	188;  		0%;  		132
Matching (1);	189;	189;  		0%;  		117
Matching (1);	190;	190;  		0%;  		130
Matching (1);	191;	191;  		0%;  		123
Matching (1);	192;	192;  		0%;  		124
Matching (1);	193;	193;  		0%;  		131
Matching (1);	194;	194;  		0%;  		118
Matching (1);	195;	195;  		0%;  		129
Matching (1);	196;	196;  		0%;  		123
Matching (1);	197;	197;  		0%;  		115
Matching (1);	198;	198;  		0%;  		130
Matching (1);	199;	199;  		0%;  		134
Matching (1);	200;	200;  		0%;  		126
Matching (1);	201;	201;  		0%;  		130
Matching (1);	202;	202;  		0%;  		130
Matching (1);	203;	203;  		0%;  		112
Matching (1);	204;	204;  		0%;  		134
Matching (1);	205;	205;  		0%;  		148
Matching (1);	206;	206;  		0%;  		125
Matching (1);	207;	207;  		0%;  		111
Matching (1);	208;	208;  		0%;  		112
Matching (1);	209;	209;  		0%;  		128
Matching (1);	210;	210;  		0%;  		125
Matching (1);	211;	211;  		0%;  		133
Matching (1);	212;	212;  		0%;  		126
Matching (1);	213;	213;  		0%;  		124
Matching (1);	214;	214;  		0%;  		120
Matching (1);	215;	215;  		0%;  		142
Matching (1);	216;	216;  		0%;  		118
Matching (1);	217;	217;  		0%;  		125
Matching (1);	218;	218;  		0%;  		128
Matching (1);	219;	219;  		0%;  		122
Matching (1);	220;	220;  		0%;  		141
Matching (1);	221;	221;  		0%;  		119
Matching (1);	222;	222;  		0%;  		114
Matching (1);	223;	223;  		0%;  		107
Matching (1);	224;	224;  		0%;  		125
Matching (1);	225;	225;  		0%;  		131
Matching (1);	226;	226;  		0%;  		135
Matching (1);	227;	227;  		0%;  		120
Matching (1);	228;	228;  		0%;  		125
Matching (1);	229;	229;  		0%;  		119
Matching (1);	230;	230;  		0%;  		136
Matching (1);	231;	231;  		0%;  		146
Matching (1);	232;	232;  		0%;  		126
Matching (1);	233;	233;  		0%;  		107
Matching (1);	234;	234;  		0%;  		124
Matching (1);	235;	235;  		0%;  		119
Matching (1);	236;	236;  		0%;  		138
Matching (1);	237;	237;  		0%;  		136
Matching (1);	238;	238;  		0%;  		121
Matching (1);	239;	239;  		0%;  		138
Matching (1);	240;	240;  		0%;  		122
Matching (1);	241;	241;  		0%;  		123
Matching (1);	242;	242;  		0%;  		126
Matching (1);	243;	243;  		0%;  		127
Matching (1);	244;	244;  		0%;  		146
Matching (1);	245;	245;  		0%;  		126
Matching (1);	246;	246;  		0%;  		130
Matching (1);	247;	247;  		0%;  		121
Matching (1);	248;	248;  		0%;  		123
Matching (1);	249;	249;  		0%;  		127
Matching (1);	250;	250;  		0%;  		134
Matching (1);	251;	251;  		0%;  		121
Matching (1);	252;	252;  		0%;  		136
Matching (1);	253;	253;  		0%;  		124
Matching (1);	254;	254;  		0%;  		140
Matching (1);	255;	255;  		0%;  		116
Matching (1);	256;	256;  		0%;  		158
Matching (1);	257;	257;  		0%;  		127
Matching (1);	258;	258;  		0%;  		121
Matching (1);	259;	259;  		0%;  		136
Matching (1);	260;	260;  		0%;  		136
Matching (1);	261;	261;  		0%;  		131
Matching (1);	262;	262;  		0%;  		135
Matching (1);	263;	263;  		0%;  		97
Matching (1);	264;	264;  		0%;  		107
Matching (1);	265;	265;  		0%;  		112
Matching (1);	266;	266;  		0%;  		128
Matching (1);	267;	267;  		0%;  		125
Matching (1);	268;	268;  		0%;  		125
Matching (1);	269;	269;  		0%;  		114
Matching (1);	270;	270;  		0%;  		138
Matching (1);	271;	271;  		0%;  		140
Matching (1);	272;	272;  		0%;  		129
Matching (1);	273;	273;  		0%;  		138
Matching (1);	274;	274;  		0%;  		134
Matching (1);	275;	275;  		0%;  		129
Matching (1);	276;	276;  		0%;  		116
Matching (1);	277;	277;  		0%;  		140
Matching (1);	278;	278;  		0%;  		132
Matching (1);	279;	279;  		0%;  		143
Matching (1);	280;	280;  		0%;  		122
Matching (1);	281;	281;  		0%;  		144
Matching (1);	282;	282;  		0%;  		122
Matching (1);	283;	283;  		0%;  		120
Matching (1);	284;	284;  		0%;  		120
Matching (1);	285;	285;  		0%;  		117
Matching (1);	286;	286;  		0%;  		123
Matching (1);	287;	287;  		0%;  		130
Matching (1);	288;	288;  		0%;  		124
Matching (1);	289;	289;  		0%;  		123
Matching (1);	290;	290;  		0%;  		114
Matching (1);	291;	291;  		0%;  		132
Matching (1);	292;	292;  		0%;  		139
Matching (1);	293;	293;  		0%;  		153
Matching (1);	294;	294;  		0%;  		112
Matching (1);	295;	295;  		0%;  		132
Matching (1);	296;	296;  		0%;  		117
Matching (1);	297;	297;  		0%;  		136
Matching (1);	298;	298;  		0%;  		129
Matching (1);	299;	299;  		0%;  		136
Matching (1);	300;	300;  		0%;  		141
Matching (1);	301;	301;  		0%;  		135
Matching (1);	302;	302;  		0%;  		141
Matching (1);	303;	303;  		0%;  		149
Matching (1);	304;	304;  		0%;  		117
Matching (1);	305;	305;  		0%;  		99
Matching (1);	306;	306;  		0%;  		114
Matching (1);	307;	307;  		0%;  		141
Matching (1);	308;	308;  		0%;  		134
Matching (1);	309;	309;  		0%;  		132
Matching (1);	310;	310;  		0%;  		110
Matching (1);	311;	311;  		0%;  		120
Matching (1);	312;	312;  		0%;  		133
Matching (1);	313;	313;  		0%;  		131
Matching (1);	314;	314;  		0%;  		125
Matching (1);	315;	315;  		0%;  		147
Matching (1);	316;	316;  		0%;  		108
Matching (1);	317;	317;  		0%;  		153
Matching (1);	318;	318;  		0%;  		136
Matching (1);	319;	319;  		0%;  		123
Matching (1);	320;	320;  		0%;  		129
Matching (1);	321;	321;  		0%;  		130
Matching (1);	322;	322;  		0%;  		125
Matching (1);	323;	323;  		0%;  		119
Matching (1);	324;	324;  		0%;  		133
Matching (1);	325;	325;  		0%;  		131
Matching (1);	326;	326;  		0%;  		133
Matching (1);	327;	327;  		0%;  		135
Matching (1);	328;	328;  		0%;  		132
Matching (1);	329;	329;  		0%;  		133
Matching (1);	330;	330;  		0%;  		150
Matching (1);	331;	331;  		0%;  		116
Matching (1);	332;	332;  		0%;  		136
Matching (1);	333;	333;  		0%;  		128
Matching (1);	334;	334;  		0%;  		129
Matching (1);	335;	335;  		0%;  		106
Matching (1);	336;	336;  		0%;  		135
Matching (1);	337;	337;  		0%;  		149
Matching (1);	338;	338;  		0%;  		122
Matching (1);	339;	339;  		0%;  		127
Matching (1);	340;	340;  		0%;  		127
Matching (1);	341;	341;  		0%;  		116
Matching (1);	342;	342;  		0%;  		120
Matching (1);	343;	343;  		0%;  		132
Matching (1);	344;	344;  		0%;  		118
Matching (1);	345;	345;  		0%;  		130
Matching (1);	346;	346;  		0%;  		143
Matching (1);	347;	347;  		0%;  		134
Matching (1);	348;	348;  		0%;  		120
Matching (1);	349;	349;  		0%;  		143
Matching (1);	350;	350;  		0%;  		132
Matching (1);	351;	351;  		0%;  		148
Matching (1);	352;	352;  		0%;  		120
Matching (1);	353;	353;  		0%;  		110
Matching (1);	354;	354;  		0%;  		124
Matching (1);	355;	355;  		0%;  		138
Matching (1);	356;	356;  		0%;  		139
Matching (1);	357;	357;  		0%;  		126
Matching (1);	358;	358;  		0%;  		118
Matching (1);	359;	359;  		0%;  		131
Matching (1);	360;	360;  		0%;  		147
Matching (1);	361;	361;  		0%;  		121
Matching (1);	362;	362;  		0%;  		119
Matching (1);	363;	363;  		0%;  		114
Matching (1);	364;	364;  		0%;  		129
Matching (1);	365;	365;  		0%;  		135
Matching (1);	366;	366;  		0%;  		137
Matching (1);	367;	367;  		0%;  		121
Matching (1);	368;	368;  		0%;  		139
Matching (1);	369;	369;  		0%;  		126
Matching (1);	370;	370;  		0%;  		117
Matching (1);	371;	371;  		0%;  		144
Matching (1);	372;	372;  		0%;  		135
Matching (1);	373;	373;  		0%;  		126
Matching (1);	374;	374;  		0%;  		132
Matching (1);	375;	375;  		0%;  		117
Matching (1);	376;	376;  		0%;  		126
Matching (1);	377;	377;  		0%;  		127
Matching (1);	378;	378;  		0%;  		137
Matching (1);	379;	379;  		0%;  		128
Matching (1);	380;	380;  		0%;  		144
Matching (1);	381;	381;  		0%;  		145
Matching (1);	382;	382;  		0%;  		119
Matching (1);	383;	383;  		0%;  		111
Matching (1);	384;	384;  		0%;  		130
Matching (1);	385;	385;  		0%;  		150
Matching (1);	386;	386;  		0%;  		127
Matching (1);	387;	387;  		0%;  		143
Matching (1);	388;	388;  		0%;  		134
Matching (1);	389;	389;  		0%;  		125
Matching (1);	390;	390;  		0%;  		139
Matching (1);	391;	391;  		0%;  		127
Matching (1);	392;	392;  		0%;  		130
Matching (1);	393;	393;  		0%;  		136
Matching (1);	394;	394;  		0%;  		131
Matching (1);	395;	395;  		0%;  		124
Matching (1);	396;	396;  		0%;  		134
Matching (1);	397;	397;  		0%;  		127
Matching (1);	398;	398;  		0%;  		134
Matching (1);	399;	399;  		0%;  		122
Matching (1);	400;	400;  		0%;  		140
Matching (1);	401;	401;  		0%;  		125
Matching (1);	402;	402;  		0%;  		138
Matching (1);	403;	403;  		0%;  		147
Matching (1);	404;	404;  		0%;  		143
Matching (1);	405;	405;  		0%;  		131
Matching (1);	406;	406;  		0%;  		130
Matching (1);	407;	407;  		0%;  		131
Matching (1);	408;	408;  		0%;  		121
Matching (1);	409;	409;  		0%;  		141
Matching (1);	410;	410;  		0%;  		123
Matching (1);	411;	411;  		0%;  		135
Matching (1);	412;	412;  		0%;  		129
Matching (1);	413;	413;  		0%;  		141
Matching (1);	414;	414;  		0%;  		126
Matching (1);	415;	415;  		0%;  		127
Matching (1);	416;	416;  		0%;  		142
Matching (1);	417;	417;  		0%;  		116
Matching (1);	418;	418;  		0%;  		142
Matching (1);	419;	419;  		0%;  		120
Matching (1);	420;	420;  		0%;  		120
Matching (1);	421;	421;  		0%;  		136
Matching (1);	422;	422;  		0%;  		119
Matching (1);	423;	423;  		0%;  		128
Matching (1);	424;	424;  		0%;  		137
Matching (1);	425;	425;  		0%;  		118
Matching (1);	426;	426;  		0%;  		154
Matching (1);	427;	427;  		0%;  		122
Matching (1);	428;	428;  		0%;  		119
Matching (1);	429;	429;  		0%;  		151
Matching (1);	430;	430;  		0%;  		138
Matching (1);	431;	431;  		0%;  		134
Matching (1);	432;	432;  		0%;  		133
Matching (1);	433;	433;  		0%;  		112
Matching (1);	434;	434;  		0%;  		120
Matching (1);	435;	435;  		0%;  		118
Matching (1);	436;	436;  		0%;  		117
Matching (1);	437;	437;  		0%;  		147
Matching (1);	438;	438;  		0%;  		141
Matching (1);	439;	439;  		0%;  		122
Matching (1);	440;	440;  		0%;  		127
Matching (1);	441;	441;  		0%;  		123
Matching (1);	442;	442;  		0%;  		130
Matching (1);	443;	443;  		0%;  		125
Matching (1);	444;	444;  		0%;  		109
Matching (1);	445;	445;  		0%;  		139
Matching (1);	446;	446;  		0%;  		134
Matching (1);	447;	447;  		0%;  		123
Matching (1);	448;	448;  		0%;  		119
Matching (1);	449;	449;  		0%;  		132
Matching (1);	450;	450;  		0%;  		139
Matching (1);	451;	451;  		0%;  		137
Matching (1);	452;	452;  		0%;  		132
Matching (1);	453;	453;  		0%;  		139
Matching (1);	454;	454;  		0%;  		141
Matching (1);	455;	455;  		0%;  		132
Matching (1);	456;	456;  		0%;  		139
Matching (1);	457;	457;  		0%;  		117
Matching (1);	458;	458;  		0%;  		142
Matching (1);	459;	459;  		0%;  		123
Matching (1);	460;	460;  		0%;  		147
Matching (1);	461;	461;  		0%;  		118
Matching (1);	462;	462;  		0%;  		148
Matching (1);	463;	463;  		0%;  		130
Matching (1);	464;	464;  		0%;  		121
Matching (1);	465;	465;  		0%;  		123
Matching (1);	466;	466;  		0%;  		125
Matching (1);	467;	467;  		0%;  		118
Matching (1);	468;	468;  		0%;  		122
Matching (1);	469;	469;  		0%;  		129
Matching (1);	470;	470;  		0%;  		125
Matching (1);	471;	471;  		0%;  		145
Matching (1);	472;	472;  		0%;  		118
Matching (1);	473;	473;  		0%;  		130
Matching (1);	474;	474;  		0%;  		144
Matching (1);	475;	475;  		0%;  		116
Matching (1);	476;	476;  		0%;  		141
Matching (1);	477;	477;  		0%;  		126
Matching (1);	478;	478;  		0%;  		111
Matching (1);	479;	479;  		0%;  		130
Matching (1);	480;	480;  		0%;  		137
Matching (1);	481;	481;  		0%;  		129
Matching (1);	482;	482;  		0%;  		109
Matching (1);	483;	483;  		0%;  		121
Matching (1);	484;	484;  		0%;  		151
Matching (1);	485;	485;  		0%;  		112
Matching (1);	486;	486;  		0%;  		121
Matching (1);	487;	487;  		0%;  		132
Matching (1);	488;	488;  		0%;  		128
Matching (1);	489;	489;  		0%;  		139
Matching (1);	490;	490;  		0%;  		140
Matching (1);	491;	491;  		0%;  		134
Matching (1);	492;	492;  		0%;  		134
Matching (1);	493;	493;  		0%;  		119
Matching (1);	494;	494;  		0%;  		120
Matching (1);	495;	495;  		0%;  		126
Matching (1);	496;	496;  		0%;  		123
Matching (1);	497;	497;  		0%;  		133
Matching (1);	498;	498;  		0%;  		119
Matching (1);	499;	499;  		0%;  		132

Matching (x);	0;	0;  		53%;  		34621
Matching (x);	1;	1;  		26%;  		17054
Matching (x);	2;	2;  		12%;  		7743
Matching (x);	3;	3;  		5%;  		3318
Matching (x);	4;	4;  		1%;  		1178
Matching (x);	5;	5;  		0%;  		278
Matching (x);	6;	6;  		0%;  		34

Matching (x*x);	0;	0;  		46%;  		29551
Matching (x*x);	1;	1;  		34%;  		21910
Matching (x*x);	2;	2;  		14%;  		9340
Matching (x*x);	3;	3;  		4%;  		2944
Matching (x*x);	4;	4;  		0%;  		481

Matching (std::min(1e6, pow(2, x)));	0;	0;  		46%;  		30150
Matching (std::min(1e6, pow(2, x)));	1;	1;  		32%;  		20657
Matching (std::min(1e6, pow(2, x)));	2;	2;  		15%;  		9916
Matching (std::min(1e6, pow(2, x)));	3;	3;  		4%;  		3206
Matching (std::min(1e6, pow(2, x)));	4;	4;  		0%;  		297

Matching (x<10 ? 0 : 10000);	0;	0;  		9%;  		6399
Matching (x<10 ? 0 : 10000);	1;	1;  		9%;  		6315
Matching (x<10 ? 0 : 10000);	2;	2;  		9%;  		6406
Matching (x<10 ? 0 : 10000);	3;	3;  		10%;  		6427
Matching (x<10 ? 0 : 10000);	4;	4;  		10%;  		6510
Matching (x<10 ? 0 : 10000);	5;	5;  		9%;  		6264
Matching (x<10 ? 0 : 10000);	6;	6;  		10%;  		6482
Matching (x<10 ? 0 : 10000);	7;	7;  		10%;  		6575
Matching (x<10 ? 0 : 10000);	8;	8;  		9%;  		6421
Matching (x<10 ? 0 : 10000);	9;	9;  		10%;  		6427
